a,aa,abandon,abated,abd,abdominal,ability,abit,able,abnormal,abnormally,about,above,abraham,abrasions,abrasive,abruptly,absence,absent,absolete,absolute,absolutely,absorb,absorbing,absorbs,absurd,abuilt,abuse,abused,abusing,abusive,abysmal,abysmally,abyss,ac,academic,accelerator,accents,accept,acceptable,accepted,accepting,accepts,accesible,access,accessed,accessibility,accessible,accessories,accessory,accident,accidental,accidentally,accidently,accommodate,accommodatemy,accommodates,accommodating,accomodate,accomodates,accomodating,accomodation,accompanied,accompanyimg,accompanying,accomplish,accomplished,accomplishment,accord,according,accordingly,account,accounting,accumulate,accumulated,accumulates,accumulation,accuracy,accurate,accurately,accustom,accustomed,ace,achieve,achieved,achieves,achieving,acknowledge,acknowledged,acknowledging,acoule,acoustics,acquainted,acquired,acrid,across,acs,act,actaully,acted,acting,action,actions,actionsall,activate,activated,activating,activation,active,actively,activity,acts,actual,actuality,actually,actuate,actuator,acutally,ad,ada,adage,adamant,adapt,adaptable,adapter,adapting,adaptor,adavance,add,added,addendum,addicted,adding,addition,additional,additionally,additions,additonal,address,addressed,addresses,addressing,adds,addvice,ademas,adentro,adept,adequate,adequately,adhere,adhesive,adicional,adjacent,adjust,adjustable,adjusted,adjusting,adjustment,adjustments,adjusts,admirably,admit,admits,admitted,admittedly,adorable,adult,adults,advance,advanced,advantage,advantages,advantium,adventure,adversarial,adverse,advertencias,advertise,advertised,advertisei,advertisement,advertises,advertising,advertized,advice,advise,advised,advises,advocacy,aerospace,aesthetic,aesthetically,aesthetics,af,affairs,affect,affected,affecting,affects,affiliated,affiliation,affirm,affirmed,affixed,affixing,afford,affordable,affordably,aforementioned,afraid,after,afternoon,afterwards,afull,agaiin,again,againgetting,againi,against,age,aged,agency,agent,ages,aggravated,aggravating,aggravation,aggressive,agh,aghast,agian,aging,ago,agrado,agree,agreed,agreeing,ah,ahead,ahold,ahora,aid,aide,aids,aim,aimed,aiming,ain,aine,air,aira,airbnb,aircraft,airdrying,aired,airflow,airfried,airfry,airfryer,airfrying,airfrys,airplane,airtight,ait,ajar,aka,al,ala,alarm,alarmed,alarming,alarms,alas,albeit,albiet,alcove,alert,alerted,alerting,alerts,alexa,alexia,alexis,alfredo,algo,algunas,align,aligned,aligning,alignment,alike,alimentos,alimientos,alisa,alisaof,alittle,alive,all,alleged,alleging,alleviated,allid,allimportant,allll,allotted,allow,allowed,allowing,allows,almost,aloha,alone,along,alongside,alot,already,alright,also,alter,alternate,alternates,alternating,alternative,alternatives,although,altogether,alumimum,aluminum,always,alzheimer,am,amana,amason,amateur,amateurs,amazed,amazin,amazing,amazingly,amazon,amazong,amazons,amazonthis,ambient,amd,amend,amended,amends,amenities,america,american,among,amongst,amount,amounted,amounting,amounts,amountthanking,amout,amp,amperage,ample,amplifies,amplifying,amplio,amps,amused,amz,amzon,an,analyzer,ancestor,ancestral,anchor,anchored,anchorite,ancient,and,andhelped,android,ands,andthen,andwasn,anemic,anew,anger,angle,angled,angles,angry,animal,animals,annihilating,anniversary,annoy,annoyance,annoyances,annoyed,annoying,annoyingly,annoys,annunciator,anomaly,another,ans,answer,answered,answering,answers,anthony,anti,anticeapated,anticipate,anticipated,anticipating,antiquated,antique,antoher,ants,anuncio,anxiety,anxious,any,anybody,anyhoo,anyhow,anymore,anyone,anyother,anyplace,anything,anytime,anyway,anyways,anywhere,apart,apartment,apartmenters,apartments,apllicances,apologize,apostrophe,apoxy,app,appalling,apparatus,apparent,apparently,appeal,appealed,appealing,appear,appearance,appeared,appearing,appears,appetite,appetizers,apple,appliance,appliances,applicance,application,applied,applies,apply,appointing,appointment,appointments,apportioned,appreciate,appreciated,appreciates,apprehensive,apprently,approach,approaches,approaching,appropriate,appropriately,approval,approved,approving,approx,approximate,approximately,apps,apptwo,april,aprox,apt,aptly,aqua,ara,arbitrary,arbitration,arc,arcaic,arced,arch,arcing,arcs,arduous,are,area,areas,aren,arge,argue,arguing,argument,arise,arizona,arking,arm,arms,army,aroma,around,arpt,arrange,arranged,arrangement,arrangements,array,arrival,arrive,arrived,arrives,arriving,arrow,arrows,arruino,art,artful,arthiritis,arthritic,arthritis,arthur,artic,article,articulo,artifical,ary,as,asap,aset,asethetically,ashamed,aside,asier,asin,asinine,ask,asked,askew,asking,asks,asleep,asneeded,aso,aspect,aspecto,aspects,asperion,ass,assaulted,assemble,assembled,assemblies,assembling,assembly,assess,assessing,assessment,asset,assign,assigned,assist,assistance,assistant,assisted,assists,associate,associated,associations,assume,assumed,assumes,assuming,assumption,assurance,assure,assured,assuredly,assuring,assurion,aster,asthetically,asthma,astickler,asurian,asurion,at,atari,ate,atfarberware,atomic,atoms,atop,atrocious,attach,attached,attaches,attachment,attachments,attempt,attempted,attempting,attempts,attend,attended,attending,attention,attentive,attenuated,attest,attitude,attorney,attract,attracted,attractive,attracts,attribute,attributed,au,auburndale,audible,audio,aug,augment,august,aunque,aunt,aup,author,authority,authorization,authorized,autistic,auto,autobake,autocooks,autodefrost,automated,automatic,automatically,auxiliary,avail,availability,available,avalble,average,averted,avid,avocado,avoid,avoided,avoiding,await,awaiting,awakened,awards,aware,away,awesome,awful,awhile,awkward,awkwardly,axis,aye,b,babied,babies,baby,babysit,babysitting,bachelor,back,backed,backgound,background,backhoe,backif,backlight,backlighting,backlit,backlite,backs,backside,backsplash,backup,backward,backwards,backyard,bacon,bacteria,bad,badged,badlikes,badly,badyou,baffles,baffling,bag,baganda,bagel,bagels,bagged,bags,bait,bajo,bake,baked,baker,bakers,bakes,bakeware,baking,balance,balanced,balances,ball,bam,band,bandd,bang,banged,banging,bangs,bank,banker,bar,barbell,barbie,bare,barely,bargain,barley,barn,baron,barrel,bars,bartending,base,based,basement,bases,bashed,basic,basically,basiclly,basics,basis,basket,basmati,basta,bastante,bat,batch,bath,bathroom,batter,battered,batteries,battery,batting,battle,battleship,battling,bay,bbb,bbq,bc,bcuz,bd,be,beach,beacon,beakers,beam,beamed,bean,beans,bear,bearable,bearing,bears,beast,beat,beaten,beatiful,beating,beats,beautiful,beautifully,beauty,beaware,became,because,become,becomes,becoming,becuz,bed,bedroom,bee,beech,beeeeep,beef,beefaroni,been,beep,beeped,beeper,beeping,beepless,beeps,beepsno,beer,before,beforehand,beg,began,begin,beginner,beginng,beginning,begins,begun,behave,behaving,behavior,behemoth,behind,behold,beige,being,bejeezus,belies,believable,believe,believing,beliz,bell,bells,belly,belonged,belongings,belongs,beloved,below,ben,bench,bend,bending,bends,beneath,benefit,benefits,benign,bent,berserk,beside,besides,best,bestbuy,bet,beta,betcha,beth,betrayed,better,betterthan,between,beverage,beverages,beverageslarge,bew,beware,bewildering,bewilderment,beyond,bezel,bialy,bialys,biased,bicycle,bien,big,bigfer,bigger,biggest,biggger,biggie,bike,bill,billing,billion,billow,billowed,billowing,bills,bin,bind,binding,bingo,bird,birth,birthday,biscuits,bisque,bit,bite,bites,biting,bits,bitten,biweekly,bizarre,bk,bla,black,blackas,blacked,blackened,blackndecker,blackout,blackthe,blah,blame,blamed,blaming,blank,blanket,blanking,blaring,blast,blasted,blasts,blatantly,blatent,blaze,blazing,bleach,bleached,blech,bleed,bleh,blemish,blemishes,blend,blender,blenders,blends,bless,blessing,blessings,blew,blind,blindly,blink,blinked,blinking,blinks,blip,blips,blissfully,blister,blistered,blistering,bloatware,blob,block,blocking,blocks,blogs,bloody,blow,blown,blows,blue,blueberries,bluetooth,bluish,blur,blurb,blurry,bmw,bnb,board,boards,boat,boats,body,bog,boil,boiled,boiling,boilling,boilover,boils,bold,bolt,bomb,bombarded,bone,boneless,bones,bonito,bonkers,bonus,bonuses,boo,book,booklet,books,bookshelf,boom,boomer,boooo,boost,boosts,boot,border,bore,boring,borrowed,bosch,bot,both,bother,bothered,bothering,bothers,bothersome,bothersum,bottle,bottom,bottoms,bough,bought,bounce,bounced,bounces,bouncing,bouncy,bound,bout,bowel,bowl,bowls,box,boxed,boxes,boxing,boy,boyfriend,boys,boyt,bpa,brace,bracelet,bracket,brackets,brad,braeck,brain,brainer,brains,brake,brakes,brand,branded,brandi,branding,brands,bravo,bread,breadcrumbs,breads,breadyou,break,breakdown,breakdowns,breaker,breakers,breakfast,breaking,breakroom,breaks,breast,breasts,breath,breathe,breathing,breeze,breville,brghter,brick,bridge,brief,briefly,bright,brighten,brighter,brightest,brightly,brightness,brilliant,brilliantly,brimstone,bring,bringing,brings,brio,brisket,bristled,brittle,broccoli,brocks,broil,broiled,broiler,broiling,broils,broke,brokedown,broken,broker,brother,brought,brown,browned,brownies,browning,brownout,brownouts,browns,brownspush,browser,bruise,brush,brushed,brushing,brussels,bs,btw,bubble,bubbled,bubbles,bubbling,bubbly,bucci,buck,bucket,buckle,buckles,bucks,buddies,budge,budget,budner,buen,buena,bueno,buffalo,buffered,bug,buggy,bugs,build,builders,building,builds,buildup,built,bulb,bulbs,bulges,bulk,bulkiness,bulky,bullet,bulletproof,bum,bumble,bummed,bummer,bump,bumped,bumper,bumpers,bumping,bumps,bumpy,bun,bunch,bunched,bundle,bungalow,buns,bureau,bureaucratic,burger,burgers,burglar,burgundy,burn,burned,burnedso,burner,burners,burning,burnout,burns,burnt,burrito,burritos,burs,burst,bursts,bury,bus,bushing,business,busted,busy,but,butcher,buton,butt,butter,buttered,butthere,buttins,button,buttonabsolutely,buttonit,buttonmakes,buttons,buy,buyer,buyers,buyi,buying,buyquality,buys,buzz,buzzed,buzzer,buzzes,buzzing,buzzy,by,bypass,bypasses,bypassing,c,ca,cabbage,cabin,cabinet,cabinetry,cabinets,cable,cables,cabnets,cace,cadillac,cafe,cafeterias,cage,caja,cake,caked,cakes,calculate,calculates,calculations,calculator,calendar,calibrate,calibrated,calidad,calienta,calienten,california,call,callback,called,calling,callouts,calls,calorie,cam,cambien,came,camera,cameras,campbell,camper,camping,campus,can,canadian,cancel,cancelation,canceled,cancelled,cancelling,cancer,cancerous,candid,candidate,candles,cann,canned,canning,cannister,cannot,cans,cant,cap,capabilities,capability,capable,capacitor,capacity,capades,cappuccino,caption,capture,captured,car,carbon,card,cardboard,cards,care,cared,carefree,careful,carefully,caregiver,caregivers,careless,carelessness,cares,caresl,carless,carolyn,carosel,carousel,carousels,carriage,carried,carrier,carries,carrots,carry,carrying,cars,cart,carton,cartons,cascade,case,cases,cash,cashed,casing,casio,casserole,casseroles,cast,casting,castle,casual,casually,cat,cataracts,catastrophe,catastrophic,catch,catches,catching,cate,categories,category,cater,catholic,cats,caught,cauliflower,cause,caused,causes,causing,caution,cautionary,cautions,cautious,cautiously,cave,caveat,caveats,caved,cavemen,cavernous,cavity,cbought,cc,cd,cease,ceased,ceases,ceasing,ceiling,cell,cellphone,cells,cellular,cellulose,cement,censor,cent,center,centered,centering,centerpiece,centers,central,centric,cents,century,ceos,ceramic,cereal,cerealbowl,certain,certainly,certificate,certifications,certified,cf,cfthis,chai,chain,chainsaw,chair,chairs,chalkboard,challenge,challenged,challenges,challenging,chamber,champ,chance,chances,change,changed,changer,changes,changing,channel,channels,char,characteristic,characters,charcoal,charcoaled,charge,charged,charges,charging,charity,charm,charred,chart,charts,chase,chasing,chassis,chat,chatroom,chats,chatted,chattering,chatting,cheap,cheaped,cheapen,cheapened,cheapening,cheaper,cheapest,cheapie,cheaping,cheaply,cheat,cheated,check,checked,checking,checklist,checks,cheep,cheerful,cheers,cheese,cheesy,chef,chefman,chefs,chemical,chemically,chemicals,cherry,chewed,chewy,chic,chick,chicken,chickens,chico,child,childhood,children,chili,chill,chilly,chime,chimes,china,chinese,chinsey,chintzt,chip,chipped,chipping,chips,chirp,chirps,chocolate,chocolates,choice,choices,choir,choose,choosing,chop,chopped,choppy,chops,chore,chores,chose,chosen,chosing,christian,christmas,christmastime,chrome,chromecast,chronic,chronology,chunk,chunks,chunky,church,ciento,cinch,cinnamon,circa,circle,circles,circuit,circuitry,circuits,circular,circulate,circulating,circulation,circumference,circumstance,circumstances,circumvent,circumvented,cirucuits,cited,citizen,city,ck,ckean,claim,claimed,claiming,claims,clame,clamp,clang,clanging,clangs,clank,clanks,clanky,clapped,clarification,clarify,clarity,class,classes,classic,classification,classified,classroom,classy,clatters,clauses,clawed,clean,cleaned,cleaner,cleaners,cleanest,cleaneven,cleaning,cleanliness,cleanly,cleans,cleanthe,cleanup,cleanupsetting,cleanyes,clear,clearance,clearances,clearcoat,cleared,clearer,clearing,clearly,clears,cleary,click,clicked,clicking,clicks,climate,climbed,cling,clink,clinks,clipped,clips,clock,clocks,clone,clooge,close,closeable,closed,closely,closer,closes,closest,closet,closing,closure,cloth,clothes,clothing,cloud,club,clue,clueless,clues,clumsy,clunk,clunking,clunks,clunky,clutter,cluttered,co,coal,coast,coaster,coat,coated,coating,coats,coaxing,cob,cocoa,coconut,code,coded,codes,coding,coffe,coffee,coffeemaker,coffin,coil,coincidental,coincidently,cold,colddont,coldest,collage,collarbones,colleagues,collect,collecting,collection,collections,collects,college,collided,colon,color,colorado,coloration,colored,coloring,colors,colour,column,com,coma,comb,combi,combination,combinationbefore,combinations,combine,combined,combines,combining,combo,combos,combustible,come,comes,comfee,comfortable,comfortably,comforting,comfy,comidas,coming,command,commanding,commands,commend,commendable,comment,commented,commenter,commenters,comments,commercial,comming,commission,commit,commodity,common,commonly,communicate,communication,comng,como,compact,compactmicrowave,compactness,compacto,compactsturdy,compair,companies,companion,company,comparable,compare,compared,comparing,comparison,compartment,compatibility,compatible,compensate,compensated,compensation,compete,competent,competing,competition,competitive,competitivo,competitor,competitors,complain,complained,complaining,complains,complaint,complaints,complements,complete,completed,completely,completelyi,completes,completing,completion,complex,compliant,complicated,complied,complimentary,compliments,comply,component,components,compounded,compra,comprar,compre,comprehend,comprehensive,compress,compression,compromise,compromised,compromises,compromising,computer,computers,con,conceded,conceived,concentrate,concentrated,concept,conceptualize,concern,concerned,concerning,concerns,concert,conclude,concluded,conclusion,concrete,condemnation,condensation,condensed,condenses,condiciones,condition,conditioning,conditions,conditionthat,condo,cones,confess,confidence,confident,confidently,configurable,configuration,configure,configured,configuring,confined,confirm,confirmation,confirmed,confirms,confuse,confused,confuses,confusing,confusingdon,confusion,congeal,conjecture,conjunction,conked,connect,connected,connecting,connection,connections,connectivity,connector,connects,connoisseur,conocimiento,cons,conscience,consecutive,consent,consenting,consequently,conservative,conserve,consider,considerable,considerably,consideration,considerations,considered,considering,considers,consist,consistency,consistent,consistently,consmedic,console,conspiracy,conssmallmicrowave,constant,constantly,constrained,constraint,constraints,constructed,construction,constructioneasy,consult,consume,consumer,consumers,consumes,consuming,consumption,contact,contacted,contactedtoshiba,contacting,contacts,contained,container,containers,containing,contains,contemplating,contemporary,contend,contender,contenedores,content,contento,contents,continous,continually,continue,continued,continuedly,continues,continuing,continuous,continuously,continuum,contortion,contour,contract,contracted,contractor,contraption,contrary,contrast,contrasting,contribute,contributed,contributing,contribution,control,controldoor,controllable,controlled,controller,controlling,controls,conv,convecion,convect,convection,convectional,convectioncombo,convections,convenience,conveniences,convenient,conveniently,convention,conventional,conversation,conversations,converse,conversion,convert,converted,convertible,converting,convience,convienence,convince,convinced,convoluted,cook,cookbook,cooked,cooker,cookie,cookies,cookiing,cooking,cookingif,cookingit,cookingor,cooks,cooktimeturntable,cooktop,cookware,cool,cooled,cooler,cooling,cools,coon,coooking,cooperate,coordinated,coordinates,copies,copious,copper,copy,copying,cord,cordial,cords,core,corel,corelle,corn,cornbread,corner,corners,coronavirus,corp,corporate,corporation,corporations,correct,corrected,correcting,correctly,correlation,correspond,correspondence,corresponding,corroded,corroding,corrosion,corsori,cortesty,corvid,cosmetic,cosmetically,cost,costco,costed,costing,costly,costs,costumer,costumers,cotton,cought,could,couldn,couldnt,count,countdown,counter,counteract,counterfeit,counterintuitive,counterparts,counters,counterspace,countertop,countertops,counting,countless,country,counts,couple,coupled,coupon,course,courteous,courtesy,cousin,cousins,cover,coverage,covered,covering,coverings,covers,covid,cow,cowl,cpsc,crack,cracked,cracking,crackle,crackled,crackles,crackling,cracks,cradle,crafted,craftsmanship,craig,cramped,cramping,crank,crannies,crap,crapped,crappie,crappiest,crappy,craps,craptacular,crating,craving,crawl,crayon,crazily,crazy,creak,creaks,cream,creamed,creamer,creamy,crease,creased,create,created,creates,creating,creative,credibility,credit,credited,creditfor,credits,creeks,creep,creit,crevice,crickets,cried,crinkle,crinkly,crisp,crisper,crispier,crispiness,crisping,crispness,crispy,criteria,critical,criticism,critique,critiqued,critter,croaks,crockpot,crockpots,croissants,crooked,crookedsome,cross,crossed,crossing,crouched,crowbar,crowded,crucial,crud,crude,crumbles,crummy,crumpled,crunch,crunchy,crushed,crust,crusted,crusty,cry,cryptic,crystals,cs,csnt,csr,csrs,cst,cu,cualquier,cuando,cuarteaduras,cubby,cube,cubic,cubicle,cuenta,cuff,cuft,cuidado,cuisenart,cuisinart,cuisine,culinary,culture,cumbersome,cumple,cumplido,cumulative,cup,cupbards,cupboard,cupboards,cupcake,cuppa,cups,curb,curbed,cure,cured,cures,curious,curiously,curled,current,currently,curry,curse,curtain,curtis,curtisint,curvature,curve,curved,curves,cus,cushioning,cusinart,cust,custom,customer,customers,customerservice,customizable,customize,cut,cute,cuteness,cuter,cutlets,cutoff,cutout,cuts,cutter,cutting,cuz,cyber,cycle,cycles,cycling,cyclonic,cyclotron,d,da,dab,dad,dado,daewoo,dagnabbit,daily,dairy,dam,damage,damaged,damages,damaging,damn,damned,damp,dampen,dampening,dana,dance,dances,dancing,dandy,dang,danger,dangerous,dangerously,dangerousness,danish,dare,dared,dark,darken,darkened,darker,darkness,darling,darn,darned,dash,data,date,dated,dates,daughter,daughterrca,daughters,daugther,daunting,dawned,day,daylight,daylights,days,daytime,de,deactivated,dead,deadline,deadly,deadthis,deaf,deal,dealbreaker,dealer,dealing,deals,dealt,dear,death,debajo,debate,debating,debris,dec,decade,decades,decal,decals,decay,decaying,deceiving,december,decent,decently,deceptive,decide,decided,decidedly,decides,deciding,decipher,decision,decisions,decisive,decker,deckers,declaring,declined,decor,decorate,decorative,decrease,decreased,decreases,decreasing,decrement,decter,dedham,dedicated,deduct,deducted,deducting,deep,deeper,deeply,def,default,defaults,defeating,defeats,defect,defected,defective,defects,defense,defer,deferent,defiantly,deficiencies,deficient,deficit,definately,defined,definetly,definite,definitely,definitive,definitively,defintely,deflating,deflects,defog,deform,deformed,defosting,defrost,defrosted,defroster,defrosting,defrosts,defunct,deg,degraded,degrading,degree,degrees,dehydrating,dehydration,dehydrator,del,delaminated,delay,delayed,delaying,delays,deleted,deleting,deli,deliberately,delicate,delicious,delight,delighted,delightful,delightfull,delineated,deliver,delivered,deliveries,delivering,delivers,delivery,demand,demanding,demands,demasiado,demise,demo,demolition,denial,denied,denies,dense,denser,dent,dented,denting,dents,deny,department,departments,depend,dependability,dependable,dependent,depending,depends,depicts,depleted,depo,depot,depress,depressed,deprivation,depth,derby,descent,describe,described,describedgreat,describes,describing,description,descriptions,deserve,deserved,deserves,design,designate,designed,designer,designers,designing,designs,desilusionada,desire,desired,despair,desperate,desperately,despicable,despise,despite,desserts,destination,destined,destroy,destroyed,destroying,destroys,destructive,detail,detailed,details,detailsmatter,detal,detect,detecting,detector,detects,detent,deteriorate,deteriorated,determine,determined,detest,detracts,detriment,detroit,devastated,develop,developed,developer,developers,developing,development,develops,device,devicemoves,devices,devil,devolver,devolverlo,devoted,dhcp,dia,diagnose,diagnosed,diagnosis,diagonal,diagram,dial,dialed,dials,diameter,diamond,dice,dick,dictated,dictates,dictionary,did,didn,didnt,die,died,dies,diet,diff,differ,differed,difference,differences,different,differently,differnt,diffi,difficult,difficulties,difficulty,diffused,diffuser,diffusion,dificult,dig,digents,digest,digit,digital,digits,digress,diinner,dilatory,dilemma,diligent,diligently,dilithium,diluted,dim,dime,dimension,dimensionally,dimensions,diminish,diminishing,diminutive,dimly,dimm,dimmed,dimmer,dimple,dims,diner,ding,dinged,dinging,dings,dingy,dining,dinky,dinner,dinnerplate,dinners,dinnet,dino,dinosaur,dint,diode,dip,direct,directed,direction,directions,directive,directly,directs,dirst,dirt,dirty,dis,disabilities,disability,disable,disabled,disabling,disadvantage,disadvantages,disagree,disagreed,disapointed,disappear,disappeared,disappoijting,disappoint,disappointed,disappointing,disappointment,disappointments,disassemble,disaster,disavows,disc,discard,discarded,discernible,discharge,disclaimer,disclaimers,disclosed,disco,discolor,discolored,discomfortable,disconcerting,disconnect,disconnected,disconnecting,discontinue,discontinued,discount,discounted,discounts,discouraged,discouraging,discover,discovered,discovering,discrepancy,discussion,disfuctional,disgrace,disgusted,disgusting,disgustingly,dish,disheartening,dishes,dishware,dishwasher,disintegrate,disintegrated,disintegrating,disjointed,disk,dislike,disliked,dislikes,dislocate,dislocates,dislodged,dislodging,dismay,dismayed,disorienting,dispaly,disperser,displacement,display,displayed,displaying,displays,displayyou,displeased,disply,disposable,disposal,dispose,disposed,disposing,disputed,disregarding,disregared,disrupt,disrupted,dissapate,dissapointed,dissapointing,dissatisfaction,dissatisfied,dissipate,dissipated,dissipating,dissolving,dissuade,distance,distant,distinctive,distinguish,distinguishable,distorted,distracted,distracting,distraction,distressed,distribute,distributed,distributer,distributes,distributing,distribution,disturb,disturbed,disturbing,ditch,ditched,ditching,ditto,divergence,divided,divine,division,divisions,divorced,diy,diyb,dmensions,dnoise,dns,do,doa,doable,dock,docked,docking,doctor,document,documentation,documented,documenting,doddery,dodged,doens,does,doesn,doesnt,doestn,dog,doggie,dogs,doing,doll,dollar,dollars,dolls,dolly,dome,domestic,dominate,dominated,don,donate,donated,donating,donde,done,doneness,dong,donness,donot,dont,dood,doodad,dooh,door,doorbell,doorcons,doorcooks,doordidn,doori,doornail,doors,doorstep,dope,dorections,dorie,dorm,dorms,dos,dose,dosen,dot,dots,double,doubled,doubles,doubling,doubt,doubtfull,doubts,dough,doughy,down,downer,downfall,downgrade,downgraded,downgrading,downhill,download,downloadable,downloaded,downloading,downright,downs,downside,downsides,downsize,downsized,downsizing,downstairs,downward,doy,dozen,dozens,dp,dr,drag,dragging,drain,drainer,dramatic,dramatically,drastically,draw,drawback,drawbacks,drawer,drawing,drawn,draws,dread,dreaded,dreadful,dream,dreamed,dressing,drew,dried,drier,dries,drill,drilled,drilling,drink,drinkable,drinking,drinks,drip,dripped,dripping,drippings,drippy,drips,drive,drivelug,driven,driver,drivers,drives,driveway,driving,drone,droning,drop,droplets,dropped,dropping,drops,drove,drowning,drugged,drumsticks,drunk,dry,dryer,drying,dst,dual,dud,due,duh,dull,dumb,dumber,dumbest,dump,dumped,dumping,dumps,dumpster,dunno,duo,duped,duper,duplicate,durability,durable,durablevery,duration,durations,during,durn,dust,dusted,dusting,dut,duties,duty,dying,dysfunctional,dyson,e,each,eager,eand,ear,earlier,early,earn,earned,earning,earns,earrings,ears,earshot,earth,eas,ease,easier,easiest,easily,easilydislikes,east,eastern,easy,easyto,eat,eater,eating,eats,eay,ebay,echo,echoes,eclectic,eco,ecomode,econobox,economic,economical,economically,economics,economy,ecstatic,ed,edamame,edge,edged,edges,edible,edit,edited,editing,editorial,editors,educated,eekthere,efectivo,effect,effective,effectiveeasy,effectively,effectiveness,effects,efficiency,efficient,efficiently,effort,effortless,efforts,eg,egg,eggs,egregious,eh,ehhh,eight,eighth,eighths,eighties,eighty,eirks,either,eitheri,eject,el,elaborate,elaborating,elapsed,elbow,elderly,elders,elec,elected,electric,electrical,electrically,electrician,electricity,electro,electromagnetic,electronic,electronically,electronics,elegance,elegant,elegante,elekcity,element,elementary,elements,elephant,elephants,elevated,eleven,eligble,eligible,eliminate,eliminated,eliminates,eliminating,elite,ellen,elsa,else,elsewhere,elseworks,em,email,emailed,emailing,emails,emanated,embalaran,embarrassing,embarrassment,emerge,emergencies,emergency,emerson,emf,eminating,eminent,emit,emits,emitted,emitting,emphasis,emphasize,employee,empty,emptying,en,enable,enabled,enabling,enamel,enamelware,enamored,encanta,encanto,encased,encenderlo,enchilada,enclosed,enclosure,encompass,encontrado,encounter,encountered,encountering,encouraged,end,ended,ending,endless,endlessly,endorsed,endorsement,ends,endure,enemy,energy,engage,engaged,engages,engaging,engine,engineer,engineered,engineering,engineers,engines,englewood,english,engulfing,enhanced,enhances,enigmatic,enjoy,enjoyable,enjoyed,enjoying,enjoys,enlarged,enormous,enough,enroute,ensure,ensures,ensuring,entail,entailed,entails,enter,entered,entering,enterprise,enters,entertain,entertainment,enthusiastically,entire,entirely,entitled,entrap,entree,entrees,entrega,entries,entry,envelops,enviaron,environment,environmental,environments,envision,epacris,episode,epoxy,equal,equally,equals,equip,equipment,equipo,equipped,equitable,equivalent,era,eradicate,erase,eraser,erases,erg,ergonomic,ergonomically,ergonomics,err,erratic,erratically,erroneously,error,errors,errrr,erupting,es,escalate,escalated,escalation,escape,escaped,escapes,escaping,esp,espacio,espacios,especially,espera,esperaba,ess,essential,essentially,essentials,est,esta,establish,established,establishes,estado,estar,estate,este,esthetically,estimate,estimated,estimates,estimator,estoy,eta,etc,etekcity,eternal,eternety,ette,evacuate,evaded,evaluate,evaluation,evaporate,evaporates,evaporation,eve,even,eveness,evening,evenly,evenness,event,eventual,eventually,ever,everthing,every,everybody,everyday,everyone,everything,everythying,everytime,everywhere,evidence,evident,evidently,evil,ewen,ex,exact,exactly,exaggerated,exaggeration,examination,examined,example,examples,exaples,exasperated,exasperating,exceed,exceeded,exceedingly,exceeds,excelente,excellant,excelled,excellent,excels,except,excepting,exception,exceptional,exceptionally,exceptions,excess,excessive,excessively,exchange,exchanged,exchanges,exchanging,excite,excited,excitement,exciting,excluding,exclusions,excruciatingly,excuse,execute,execution,exelent,exercise,exhaust,exhausting,exhausts,exhibited,exist,existed,existent,existing,exists,exits,exorbitant,expand,expanded,expansive,expect,expectancy,expectation,expectations,expectativas,expected,expecting,expedite,expedition,expelling,expen,expenditure,expense,expenses,expensive,expensively,experience,experienced,experiences,experiencing,experiment,experimentation,experimented,experimenters,experimenting,experiments,expert,experts,expiration,expired,expires,expiring,explain,explained,explaining,explains,explanation,explanations,explanatory,explicitly,explode,exploded,explodes,explodewe,exploding,explore,explored,explorer,explosion,explosions,explosive,exponentially,expose,exposed,exposing,exposure,express,expressing,expressway,exquisite,extemded,extemely,extend,extended,extenders,extends,extension,extensive,extensively,extent,exterior,exteriorly,exteriorpre,exterminator,external,externally,extinguish,extinguisher,extra,extraordinarily,extras,extreemly,extreme,extremely,extremes,extruded,exuding,eye,eyeballing,eyes,eyesight,eyesore,f,fab,faberware,faberwear,fabulosomuchas,fabulous,face,facebook,faced,faceplate,facil,facilities,facility,facing,fact,factor,factories,factors,factory,factthis,fad,fade,faded,fading,fail,failed,failing,failings,fails,failure,failures,faint,faintest,faintly,fair,fairly,fairness,faith,faithful,faithfully,fake,fall,fallen,falling,fallout,falls,false,falsely,famed,familiar,familiarization,familiarized,familiarizing,families,family,famous,fan,fancier,fancy,fangled,fans,fantastic,faq,faqs,far,faraday,farbarware,farberware,farberwaree,farberwave,farberwear,farbweware,farce,farerware,farewell,farm,farther,fascia,fashion,fashionable,fashioned,fast,fasten,fastened,fastener,faster,fat,fatal,fate,fateful,father,fathom,fatty,fault,faultless,faults,faulty,faustian,fav,favor,favorable,favored,favorite,favorites,fcc,fda,fear,fearful,feather,feature,featured,features,featuresattractive,feb,february,feces,fed,federal,fedex,fee,feed,feedback,feeding,feel,feelaround,feeling,feelings,feels,feelwe,fees,feet,felder,fell,felt,female,fence,few,fewer,fhe,fi,fiasco,fiber,fickered,fiddle,fiddling,fiddly,fidget,field,fiesta,fifteen,fifth,fifties,fifty,fight,figure,figured,figures,figurew,figuring,filament,file,filed,filets,filing,fill,filled,filler,fillets,filling,fills,film,filthy,final,finalized,finallly,finally,financial,financially,finches,find,finding,findng,finds,fine,finely,finger,fingernail,fingernails,fingerprins,fingerprint,fingerprints,fingers,fingertip,finicky,finish,finished,finishes,finishing,fins,fios,fir,fire,fireball,fired,fires,fireworks,firm,firmly,firmness,firmware,first,firsthand,firstly,firstworldproblems,fish,fisher,fishing,fist,fit,fitin,fits,fitted,fitting,five,fix,fixable,fixed,fixes,fixing,fixings,fixture,fizz,fizzed,fizzled,fl,flabbergasted,flag,flagged,flagship,flake,flaked,flakes,flakey,flakiness,flaking,flaky,flame,flames,flaming,flare,flash,flashed,flashes,flashing,flashlight,flat,flatter,flattest,flavor,flavors,flaw,flawed,flawlessly,flaws,flax,flew,flex,flexed,flexes,flexibility,flexible,flicker,flickered,flickering,flickers,flicking,flies,flights,flimsier,flimsily,flimsy,fling,flingable,flings,flip,fliped,flipped,flipping,float,floating,floats,flood,floor,floors,flop,flopping,flops,florida,flour,flow,fluctuates,fluctuating,fluff,fluffy,fluid,fluids,fluke,flummoxed,fluorescent,flush,fly,flyer,flying,fm,fne,foam,focaccia,focal,focus,focusing,focussed,foe,fogging,fogs,foil,fold,folded,folder,folding,folk,folks,follow,followed,following,follows,followup,fonction,font,fonts,food,foodi,foodie,foods,foodso,foodsweak,fool,fooled,foolish,foolproof,foot,footage,footprint,footprintnice,for,force,forced,forcefully,forces,ford,forearm,forearmed,foreign,foresee,foretold,forever,forewarned,forget,forgetaboutit,forgetful,forgets,forgetting,forgive,forgiving,forgo,forgot,forgotten,form,formal,format,formation,formed,former,formerly,formica,forming,forms,formulating,forrecommend,forth,fortified,fortunate,fortunately,fortunatly,fortune,forunately,forward,forwarded,forwarding,forwards,foryears,fought,foul,found,four,fourth,fraction,fragile,frame,framed,framing,frankenstein,frankly,fraternity,fraud,fray,frazzled,freak,freaked,freaking,free,freeing,frees,freeze,freezer,freezers,freezes,freezing,freight,french,frequency,frequent,frequently,fresh,freshman,fret,fricken,friction,friday,fridge,fried,friend,friendly,friends,frier,fries,frig,frigadaire,friggin,frightening,frightens,frigidaire,frills,fringe,frisbee,fritter,fritz,frivolous,from,frompower,fromtoshiba,fromwhen,front,fronted,fronts,frontwards,frost,frown,froze,frozen,frugal,frustrate,frustrated,frustrating,frustratingly,frustration,frustrations,fry,fryer,fryers,frying,frys,ft,fti,fudge,fue,fulfill,fulfilled,fulfillment,fulfills,full,fullness,fully,fumble,fumbling,fumes,fun,funchions,funciona,function,functionable,functional,functionalities,functionality,functionally,functioned,functioning,functionit,functions,funding,funds,funky,funneling,funniest,funny,funtions,furious,furniture,furthe,further,furthermore,fuse,fuses,fuss,fussy,futility,future,futures,futz,fwd,fyi,fyrer,g,gadget,gadgets,gaffers,gain,gained,gaining,galanz,gallery,galley,gallon,galore,gamble,gambled,game,games,gamut,gap,gaping,gapped,garage,garagei,garbage,garbagecant,garbled,garlic,gas,gash,gashed,gasped,gassing,gate,gathered,gauge,gauges,gave,gazillion,gd,ge,geadvantium,geappliances,gear,geared,gears,geee,geez,gem,gems,general,generalized,generally,generate,generated,generates,generation,generator,generic,generous,genius,gentle,gently,genuine,genuinely,genuis,george,georgia,gerbils,geriatric,germ,ges,get,gets,getting,gfci,gfi,ghastly,ghost,ghostly,ghz,giant,gift,gifted,gifting,gimmic,gimmick,gimmicks,gimmicky,ginormous,girl,girlfriend,girls,gist,give,given,gives,giving,gizmo,glad,gladly,glance,glancing,glare,glaring,glaringly,glass,glasscons,glasses,glasseson,glasstray,glassware,glazed,gleaming,glides,glitch,glitches,glitching,glitchy,globs,gloomy,glorified,glorious,gloss,glossy,glove,glow,glowed,glowing,glue,glued,gluing,gluten,gm,gmail,go,god,godawful,godsend,goes,going,goingsuspect,gold,goldberg,golden,golding,goldstar,golf,golpeado,gone,gonna,goo,good,goodbye,goodness,goods,goodwill,google,googled,googling,goosey,gorgeous,gorilla,gorillapads,got,gotta,gotten,gowise,gp,grab,grabbed,grabbing,grace,graced,gracias,gracious,graciously,grade,grader,grading,gradually,grafts,grain,grammar,grammatical,grams,grand,granddaughter,grande,grandfather,grandkids,grandma,grandmas,grandmother,grandmothers,grandparents,grandson,granite,grant,granted,granular,grapes,graphic,grasp,grasps,grass,grat,grate,grateful,gratin,grating,gravel,graveyard,gravy,gray,grayish,grease,greased,greasy,great,greater,greatest,greatful,greatly,greedy,green,greener,greenwashed,greet,greeted,greg,grew,grey,greylining,grid,grief,grieve,grill,grilled,griller,grilling,grills,grime,grinder,grinding,grinds,grip,gripe,gripes,gripped,gripper,grippier,gripping,grippy,grips,grits,groaning,groans,grocery,grommets,groove,grooved,grooves,gross,grossly,ground,grounded,grounding,grounds,group,groups,grow,growels,growing,growl,growling,grown,growth,grubby,grudgingly,grumbles,grumbling,guang,guarantee,guaranteed,guaranteeing,guarantees,guaranties,guard,guess,guessed,guessi,guessing,guesstimate,guesswork,guest,guestimating,guests,guidance,guide,guided,guideline,guidelines,guides,gulp,gummy,gun,gunk,gunked,gunmetal,gurgling,guru,gusta,gustaron,gusto,gut,guts,guy,guys,guzzling,h,ha,habe,habit,habits,habitually,hace,hacer,hack,had,hadissues,hadn,hadnt,haha,haier,hail,hair,half,halfway,hallmark,hallway,halogen,ham,hamburger,hamburgers,hamilton,hand,handbook,handed,handedly,handful,handicapped,handle,handled,handler,handles,handling,hands,handshake,handsome,handsyou,handy,handyman,hang,hanging,hangs,happ,happen,happend,happened,happening,happens,happier,happily,happy,har,hard,hardened,harder,hardest,hardly,hardship,hardware,harm,harmful,harmonkardon,harness,harrassing,harsh,harshly,has,hash,hasn,hasnt,hassle,hassles,hasta,hastily,hat,hate,hated,hates,hating,hatred,haul,hauled,hauling,haunted,have,haven,havent,haver,having,havnt,hawaii,hawk,haya,haywire,hazard,hazardous,hazards,hb,he,head,headache,headaches,headed,heading,headline,headroom,heads,heal,healed,health,healthier,healthy,heap,hear,heard,hearing,hears,heart,heartbeat,heartbreak,heartily,heat,heated,heater,heating,heatingi,heats,heatscapes,heatwave,heaven,heavenly,heavier,heavily,heavy,heck,heft,hefty,height,held,hell,hello,help,helped,helper,helpful,helpfully,helping,helplessly,helpline,helps,hence,her,here,hermoso,heroes,hers,hesitant,hesitate,hesitated,hesitating,hesitation,hesitations,hey,hgtv,hhhmmm,hi,hidden,hide,hides,hiding,hieght,high,higher,highest,highlight,highlighted,highlights,highly,highs,hija,him,himself,hinder,hinge,hingers,hinges,hint,hints,hire,his,hisses,hissing,historically,history,hit,hitch,hits,hitting,hm,hmm,hmmm,hmmmm,hobby,hockey,hog,hogging,hoisted,hold,holder,holders,holding,holds,hole,holes,holiday,holidays,hollow,holy,home,homedepot,homemade,homeowners,homes,homework,homogeneous,honda,honed,honest,honestly,honesty,honor,honorable,honored,honoring,hoo,hood,hook,hooked,hooking,hooks,hookup,hoooowever,hoops,hope,hoped,hopeful,hopefully,hopelessly,hopes,hoping,hora,horizontal,horn,horrendous,horrible,horribly,horrid,horrific,horrified,horror,horse,hospital,host,hostile,hosting,hot,hotdogs,hotel,hotels,hotline,hotplate,hotpockets,hotpoint,hotspot,hotter,hottest,hound,hounding,hour,hours,house,housed,household,households,housekeeping,houses,houseware,housewarming,housing,how,however,howls,hr,hrs,https,hub,hubby,huffers,huge,hugely,huh,hum,human,humanity,humans,humidistat,humidity,huming,humm,hummed,humming,humor,hump,hums,humungous,hundred,hundreds,hung,hunger,hungry,hunk,hunt,hunting,hurry,hurt,hurts,husband,hutch,huttons,huuuuuuge,hvac,hype,hyped,hz,i,iam,icallservices,ice,iceberg,icon,icons,icrowaveto,icy,id,idea,ideal,ideally,ideas,identical,identified,identify,idiot,idiotic,idk,idle,idling,ie,if,iffy,ifyou,ignorance,ignore,ignored,ignores,ignoring,ii,iike,iiread,iit,ikea,ill,illegible,illogical,illuminate,illuminated,illuminates,illuminating,illumination,illusion,im,image,images,imagination,imagine,imagined,imbecile,imbedded,imho,imicrowave,immaculately,immage,immediate,immediately,immense,immensely,immensity,imo,impact,impaired,impairments,impatient,imperial,impetus,implement,implemented,implied,import,importance,important,importantly,imported,impossible,impossibly,impressed,impression,impressions,impressive,impresssd,improper,improperly,improve,improved,improvement,improvements,improves,improving,improvise,in,inability,inaccessible,inaccuracy,inaccurate,inadequate,inadequately,inadvertently,inall,inappropriate,inauspicious,inbetween,inbuilt,inc,incandescent,incapable,incase,ince,incentive,incessant,inch,inches,incident,incidentally,incinerates,incl,inclined,include,included,includes,including,inclusion,incnes,income,incompetence,incompetent,incomplete,incomprehensible,inconsequential,inconsistency,inconsistent,inconsistently,inconspicuously,inconvenience,inconvenient,incorporating,incorrect,incorrectly,increase,increased,increases,increasing,increasingly,incredible,incredibly,increment,increments,indeed,indent,indentations,indented,indents,independent,index,india,indian,indiana,indican,indicate,indicated,indicates,indicating,indication,indicative,indicator,indifferent,indispensable,individual,individuals,induced,inducing,induction,industrial,industry,ineatable,inedible,ineffective,inefficient,inept,inevitably,inexcusable,inexpensive,inexpensivegood,inexperience,inexplicable,inexplicably,infact,infamous,inferior,inferno,infinitely,inflated,inflates,inflation,influence,info,infomration,inform,information,informative,informed,informing,infrequent,infrequently,infuriating,infuriatingly,infuse,ing,ingrained,ingredients,inhaling,inherent,inherited,inhibit,initial,initially,initials,initiate,initiated,injure,injured,injuries,injury,inmysmallkitchen,innard,innards,inner,innovations,inoperational,inoperative,input,inputs,inputting,inquiries,inquiry,insane,insanely,insanity,insecticide,insensitive,insensitivity,insert,inserted,inserting,inserts,inside,insidedo,insideno,insides,insidewobbles,insignificant,insist,insisted,insists,inspect,inspected,inspecting,inspection,inspects,inspire,insstructions,instagram,instal,install,installation,installationof,installed,installing,installment,installs,instance,instances,instant,instantaneously,instantly,instantpot,instead,instill,instinct,instrucciones,instructed,instructing,instruction,instructional,instructions,instructionsturning,instructs,instrucyion,instrumented,insturctions,insued,insufficient,insufficiently,insulating,insulation,insult,insulting,insurance,insure,int,intact,intake,integrate,integrated,integrating,integration,integrations,integrity,intelligence,intelligent,intelligently,intellivision,intend,intended,intending,intense,intensity,intensive,intention,intentional,intentionally,interact,interchangeable,interest,interested,interesting,interestingly,interface,interfere,interfered,interference,interferes,interfering,interim,interior,interiorcons,interiors,interlock,intermittenly,intermittent,intermittently,internal,internally,internals,international,internet,interrupt,interrupted,interrupter,interrupting,interruption,interrupts,intersect,intervals,intervention,inteverted,intimidated,intimidating,into,intolerable,intrepid,intrigued,introduce,intrusive,intuitive,intuitively,inv,invalid,invariably,invent,invented,invention,inventive,inversion,inverted,inverter,inverters,inverting,invest,invested,investigate,investigated,investigating,investing,investment,invisible,invitation,invoice,involved,involves,inward,inwas,io,iot,ip,ipad,iphone,ir,ironic,ironically,irony,irregular,irrespective,irresponsible,irritant,irritated,irritates,irritating,irritation,irs,is,isalready,ish,island,isn,isnot,isnt,isolated,issue,issued,issues,issuesi,issuethe,issuewith,issuggested,issuing,isyes,it,ita,italian,itb,itbut,itcooked,item,items,ithad,ithevsensor,itjust,itll,its,itsca,itself,itthe,itthis,itvwere,iuse,ive,iven,iverall,iwould,jab,jack,jackery,jacket,jackets,jackpot,jaded,jagged,jam,james,jammed,jamming,jan,january,janury,japan,japanese,japlish,jar,jarring,jars,jas,java,jeffrey,jelly,jenn,jenny,jeremy,jerk,jerked,jerking,jerky,jerry,jes,jet,jettson,jiffy,jiggle,jilted,jimjim,jingle,jinxing,job,jobs,joe,join,joke,jona,jones,jostled,joy,joys,judge,judgement,judging,juice,juicy,juist,july,jumbled,jumbo,jump,jumped,jumping,jumps,jun,june,junk,junky,junkyard,jury,juse,just,justify,justo,justtified,jut,juts,juuusst,juuuust,juuuuuust,k,kafkaesque,kamala,kansas,kaput,kardashian,karen,keenstone,keep,keeper,keeping,keeps,keisha,kelsey,kenmore,kenwood,kenworth,kept,kernel,kernels,kerr,kettle,key,keyboard,keyed,keypad,keypads,keypress,keypresses,keys,keystroke,keystrokes,keyword,kg,kick,kicked,kicker,kicking,kicks,kid,kidding,kids,kiley,kill,killa,killed,killer,killing,kills,kilter,kind,kinda,kindle,kindly,kindness,kinds,kinesthetically,king,kiss,kisses,kit,kitchen,kitchenaid,kitchencons,kitchenette,kitchens,kitchenware,kitty,klunky,klystron,knack,knees,knew,knife,knives,knob,knobby,knobs,knock,knocked,knocking,knocks,knots,know,knowing,knowingly,knowledge,knowledgeable,known,knows,knuckle,knuckles,kodiak,kohl,kohls,konk,konked,kooky,kott,kudos,kw,l,la,label,labeled,labeling,labelled,labelling,labels,labor,labyrinth,labyrinthine,laceration,lack,lacked,lacking,lackluster,lacks,ladder,ladies,lady,lag,lags,laid,lake,lame,laminate,laminating,lamp,lan,land,landed,landfill,landfills,landing,landlord,language,laptop,laptops,large,largeish,largely,larger,largest,las,lasagna,lasagne,last,lasted,lasteed,lasting,lastly,lasts,latch,latched,latches,latching,late,lately,later,latest,latge,latin,latte,latter,lattes,laugh,laughable,laughed,launch,laundry,lave,law,lawn,laws,lay,layer,layers,laying,layman,layout,laziness,lazy,lb,lbs,lcd,le,lead,leading,leads,leaflet,leak,leakage,leaked,leaking,leaks,lean,leaning,leans,learn,learned,learning,leary,least,leastjust,leather,leave,leaves,leaving,led,leds,leery,left,leftover,leftovers,leg,legal,legends,legged,legible,legitimate,legitimately,legs,lemon,lemons,length,lengths,lengthy,lentils,les,less,lessen,lessened,lesser,lesson,lessthe,let,lets,letter,lettering,letters,letting,level,levelers,leveling,levellimited,levels,levelsthat,lever,leverage,levers,lexan,lexington,lg,liability,liberating,library,license,licensed,licenses,lick,lid,lids,lie,lied,lies,life,lifecycle,lifeline,lifelong,lifesaver,lifespan,lifespans,lifestyle,lifetime,lift,lifted,lifting,lifts,light,lightbulb,lightdoes,lighted,lightedbuttons,lightened,lighter,lightest,lighting,lightly,lightnegatives,lightness,lightning,lights,lightweight,like,liked,likelihood,likely,likeno,likes,likewise,liking,lile,lilliputian,limit,limitation,limitations,limited,limiting,limits,limp,limpiar,line,lined,liner,lines,linger,lingering,lining,link,linked,linkin,linking,links,liottle,lip,lipstick,liquid,liquids,list,listed,listen,listened,listening,listing,listings,lists,lit,lite,liter,literally,literary,literature,lithium,litle,litlte,litmus,litter,litterally,litteraly,littered,littethe,littitvroom,little,littler,livable,live,lived,lives,livid,living,ll,llc,llega,llego,llittle,lmao,lmited,lmk,lo,load,loaded,loader,loading,loads,loaf,loaned,loaner,loath,local,localized,locally,locate,located,location,locational,locations,locator,lock,lockdown,locked,lockout,locks,loe,log,logged,logic,logical,login,logo,lol,lolmy,lolpro,lone,long,longer,longest,longevity,longmy,longtime,look,looked,lookes,looking,lookingcons,lookingupdate,looks,looming,loooks,loops,loose,loosen,loosened,loosens,loosey,loosing,lopsided,lord,los,lose,loses,losing,loss,losses,lost,lot,lots,loud,louder,louderjunksave,loudest,loudly,loudness,lound,lousy,love,loved,lovely,lover,loves,lovey,loving,low,lower,lowered,lowering,lowers,lowes,lowest,lows,loyalty,lst,ltd,lubricant,lubricants,lubricate,lubricating,luck,lucked,luckily,lucky,luddite,lug,lugged,lugging,luke,lukewarm,lunch,lunches,lunchroom,lunchrooms,lungs,lured,luxury,lxwxh,lying,m,ma,mac,macaroni,machine,machinery,machines,mad,maddening,madding,made,madeby,madre,magazine,maggots,magic,magical,magically,magnet,magnetic,magnetron,magnetrons,magnets,magnificently,magnifier,magnifying,mail,mailbox,mailed,mailing,mailroom,mails,main,maine,mainly,mainstays,maintain,maintained,maintaining,maintenance,major,majority,majorly,make,maker,makers,makes,making,mal,male,malefunctioning,malfunction,malfunctioned,malfunctioning,malfunctions,maltratada,mammoth,man,manage,manageable,managed,management,manager,manages,mandatory,maneuver,manhandled,manner,manu,manual,manualdislike,manually,manualm,manuals,manuel,manufactoer,manufactored,manufacture,manufactured,manufacturer,manufacturers,manufactures,manufacturing,manuscript,many,map,mar,march,margarine,marginal,margo,mario,mark,marked,marker,market,marketed,marketing,markets,marking,markings,marks,markup,marred,marriage,married,marring,marshmallows,mart,martians,marvel,marvelous,mary,mas,mash,mashed,masked,masking,masochist,mass,massage,massive,master,mastered,masters,mat,match,matched,matches,matching,mate,material,materials,mates,matetials,math,matrix,matsushita,matt,matte,matter,matters,max,maxed,maximize,maximum,maxing,may,maybe,maytag,mazda,mcmansion,mcrowave,md,me,mea,meager,meal,meals,mealtimes,mean,meaning,meaningful,meaningless,meanly,means,meant,meantime,meanwhile,measly,measure,measured,measurement,measurements,measures,measuring,meat,meatball,meatballs,meatloaf,meats,mechanic,mechanical,mechanically,mechanics,mechanism,med,media,medic,medical,medication,medidas,mediocre,medium,meet,meeting,meetings,meets,mefrom,mega,meh,mei,mejor,melt,meltdown,melted,melting,melts,member,members,membrane,memeory,memories,memorization,memorize,memorized,memorizes,memory,men,menos,mention,mentioned,mentioning,mentoned,menu,menus,merchandise,mercy,mere,merely,merica,merley,meses,mesh,mess,message,messages,messed,messes,messing,messy,met,metaal,metal,metallic,metals,meter,meters,method,methods,meticulous,metric,metro,meyer,mfd,mfg,mfrs,mfs,mhome,mi,mic,mica,mice,micfowave,michigan,mico,micoware,micowave,micr,micrewave,micro,microbe,microblaster,microchips,microcontroller,microcrisp,micron,microondas,microonds,microphone,microprocessor,micros,microve,microven,microw,microwace,microware,microwavable,microwave,microwaveable,microwaveconclusion,microwavecons,microwaveconv,microwaved,microwavei,microwavejuly,microwavel,microwaveless,microwavepros,microwavereally,microwaves,microwavestand,microwavesust,microwavewant,microwaving,microwavingno,micrwave,mid,middle,midea,mideast,midnight,midst,midway,might,mighty,migraine,migraines,mild,mildew,mildly,mile,mileage,miles,military,milk,mill,million,millions,mimic,min,mincon,mind,minded,mindful,minding,mine,miner,mines,mini,minimal,minimally,minimize,minimized,minimum,miniutes,minor,mins,minus,minuscule,minuses,minute,minutes,miracle,mircowave,mircrowave,miro,mirror,mirrored,mirrors,mis,misaligned,miscalculated,misclassified,miserable,miserably,misgivings,mishandling,mishap,mishaps,misjudged,mislead,misleading,misled,mismarked,mismatched,misplace,misplaced,misread,miss,missalighned,missed,misses,missing,mississippi,misspellings,mistake,mistaken,mistakes,misunderstands,mitigate,mitt,mitts,miutes,mix,mixed,mixer,mixes,mixing,mixture,ml,mn,mnelt,mo,moaning,moarn,mobile,moby,mocking,mocrowave,mode,model,modelnow,modelo,models,moderate,moderately,modern,modernit,modes,modest,modestly,modify,modulate,module,moist,moister,moisture,moisure,mold,molded,molding,moldy,molecules,molesto,mom,moment,momentarily,momento,moments,momentum,momths,mon,monday,money,mongolia,monitor,monitoring,monitors,monochromatic,mons,monster,monstrosity,monstrous,month,monthes,monthly,months,moon,moot,mop,mopped,mor,moral,morale,more,moreover,morning,mornings,mortar,mos,most,mosti,mostly,mother,motherboard,motion,motivate,motor,mount,mountain,mounted,mounting,mounts,mourning,mousepad,mouser,mouth,move,moved,movement,movements,moven,movens,mover,moves,movie,movies,moving,mr,mre,mri,ms,msmart,msmarthome,msmartlife,msr,msrcas,mths,mts,mu,much,mucho,mudt,muffin,muffins,muffles,mug,mugs,multi,multifunction,multifunctional,multigenerational,multiphase,multiple,multipurpose,multistage,multitask,multitude,munch,munchies,munching,murrka,muscle,muscled,mush,mushier,mushy,must,mutable,mutant,mute,muted,mutei,muting,muy,mv,mvo,mw,mwave,mwo,mws,my,myelderly,mykitchen,myles,myself,mysmartlife,mystery,n,na,nachos,nada,nag,nagging,nah,nail,nails,namaste,name,named,namely,nameplate,names,nancy,nap,napkin,naps,narrow,narrowed,narrower,nasa,nasty,nation,natural,naturally,nature,navigate,navigating,nay,nbd,neanderthal,neanderthals,near,nearby,nearest,nearly,neat,neatly,necessarily,necessary,necessities,necessity,necklace,need,needed,needing,needless,needlessly,needs,needy,negate,negates,negative,negatively,negatives,negativo,neglected,negro,neighbor,neighborhood,neighbors,neither,nephew,nerve,nerves,nervous,nesecitava,ness,nest,nesters,nesting,net,network,networks,neutral,never,nevertheless,neverthless,new,newer,newest,newfangled,newly,newness,news,newspaper,next,ni,nibbling,nice,nicely,nicer,nicest,niche,nickel,niece,nieces,nifty,night,nightly,nightmare,nights,nilly,nim,nine,nineteen,nineties,ninja,ninjafoodi,nit,nitemare,nitpick,nitpicky,nj,nline,nn,no,nobody,nobs,noice,noise,noiseless,noises,noisey,noisier,noisiest,noisily,noisy,noixes,nominal,nominally,non,nondescript,none,noneoverall,nonetheless,nonexistant,nonexistent,nonfunctional,nonsense,nonstop,nonvolatile,noodle,noodles,noodling,nook,nooks,noooo,nope,nor,nordicware,norm,normal,normally,nornally,north,nose,nosey,nosie,nosier,nostagliaproducts,nostalgic,not,notable,notably,notas,notch,notches,notchs,note,notebook,noted,notes,nothinf,nothing,notice,noticeable,noticeably,noticed,noticing,notification,notify,noting,notnew,nov,novalty,novel,november,now,nowadays,nowhere,noxious,nr,ns,nsme,nt,ntp,nu,nuanced,nuclear,nudge,nudged,nuff,nuggets,nuisance,nuke,nuked,nuker,nukes,nuking,nullifies,number,numbering,numbers,numbersthat,numbingly,numeral,numerals,numeric,numerical,numerous,nurse,nut,nuts,nuwave,ny,nyc,o,oatmeal,oats,ober,obey,obfuscation,object,objectionable,objections,objective,objects,obligatory,oblong,obnoxious,obnoxiously,obscene,obscured,observable,observation,observations,observe,observed,obsessed,obsolescence,obsolescent,obstruction,obstructs,obtain,obtained,obtaining,obtrusive,obtuve,obvious,obviously,occasion,occasiona,occasional,occasionally,occasions,occassionally,occassions,occupied,occupy,occupying,occur,occured,occurence,occurred,occurring,occurs,ocd,ocean,oct,october,odd,oddly,odor,odors,odyssey,oem,of,ofcourse,oferta,off,offending,offense,offensive,offer,offered,offering,offers,office,offices,officially,offline,offs,offset,ofhat,ofrecimiento,often,oh,ohh,oil,oiler,oils,oily,ok,okaaaay,okay,okaycon,okmight,ol,old,older,ole,olive,om,omelette,omelettes,omg,ominous,omission,omit,omits,omitted,on,once,onder,one,onei,ones,onesat,oneself,ongoing,onion,online,only,onnly,ontime,onto,onwards,onyl,oops,ooze,oozes,op,opaque,open,opened,openedvery,opener,openers,opening,openings,openonly,opens,operatate,operate,operated,operates,operating,operation,operational,operationally,operations,operativo,operator,opinion,opinions,opportunity,opposed,opposite,opt,opted,optics,optimist,optimistically,optimum,option,options,optionturntable,or,orange,orbit,ordeal,ordenar,order,ordered,ordering,orders,ordinarily,ordinary,ordsred,organization,oriented,origin,original,originally,oriinal,orville,osbourne,oscar,osea,ostensible,ostensibly,oster,ostetrizer,ot,otch,other,others,otherwise,otherwize,othwr,otoh,otr,ouch,oud,ought,ounce,ounces,ounve,our,ours,ourselves,ourside,out,outage,outages,outbreak,outbuilding,outcome,outdoor,outer,outfit,outgoing,outlast,outlasted,outlasts,outlet,outlets,outliers,outlined,outlive,outlives,outperform,outperformed,output,outputs,outrage,outrageous,outrageously,outreached,outright,outs,outset,outside,outsides,outsourced,outstanding,outta,outwards,outweigh,outweighs,oval,oved,oven,ovens,ovenvery,over,overal,overall,overamped,overbuttons,overcame,overcook,overcooked,overcooking,overcooks,overcrowded,overcurrent,overdone,overdrive,overdue,overestimated,overflow,overflowed,overflows,overhang,overhangs,overhaul,overhead,overheat,overheated,overheating,overheats,overjoyed,overkill,overlaps,overlay,overload,overloaded,overlook,overly,overnight,overnighted,overpacked,overpaid,overpriced,overpromise,overpushbutton,overs,overseas,overshadows,overshooting,oversight,oversized,overstressed,overthe,overtime,overtly,overuse,overused,overusing,overwhelm,overwhelmed,overworked,ow,owes,owl,own,owned,owner,owners,ownership,owning,owns,oxygen,oy,oz,ozony,ozzy,p,pace,paces,pacific,pack,package,packaged,packages,packaging,packed,packet,packets,packing,packs,pad,padding,pads,pagar,page,pages,paid,pain,painful,painless,paint,painted,painters,painting,pair,paired,pairing,pairs,pajamas,pale,palm,palmetto,pamphlet,pan,panansonic,panasoinc,panasomic,panasonic,panasonics,pancake,pancakes,pandemic,panel,panels,panic,panicked,paninis,panko,panned,pannel,pannell,pans,pansonic,pantry,paper,papers,paperweight,paperwor,paperwork,par,para,paradigm,paralyzed,parameters,paramount,paranoid,paraphrasing,parcel,parchment,pare,parece,parecer,parent,parents,park,parrots,part,partial,partially,participated,particle,particles,particular,particularly,partly,partner,partnerships,parts,partway,party,pasado,pass,passably,passed,passes,passing,passion,passive,password,past,pasta,pastas,paster,pasting,patch,patent,patents,path,pathetic,patience,patient,patiently,patio,patricia,pattern,pattie,patty,pause,paused,pausing,paws,pay,payed,paying,paykel,payless,payment,payments,pc,pd,pdf,pe,peace,peak,peaks,peal,pealing,peanut,peas,peasy,peck,peculiar,peek,peeks,peel,peeled,peeling,peelings,peels,peeper,peeps,peeve,peeves,peg,pegs,peice,peices,pen,penalized,pencil,penetrates,pennies,penny,pensaba,people,peoples,pepperidge,pepperoni,peppers,per,perceive,perceived,percent,percentage,perchase,percise,percolator,perf,perfect,perfectairfryer,perfectamente,perfected,perfection,perfectley,perfectly,perfectlycons,perfecto,perfectpopcorn,perforated,perforations,perform,performance,performed,performer,performes,performing,performs,perhaps,perimeter,period,periodic,periodically,periods,perk,permanent,permanently,permeant,permission,permissions,pero,perplexed,perplexing,perrrrrfect,persevere,persisted,persistent,persistently,person,personal,personality,personalize,personalized,personally,personas,persons,perspective,perspiration,pertain,perticular,pesa,pet,petite,petrified,petrify,pets,pewter,pf,pg,phase,phenomenally,phenomenon,phew,philadelphia,philippines,philosophy,phone,phonecalls,phoned,phones,phoning,photo,photograph,photographic,photographing,photographs,photos,photoshopped,phrase,phthalates,phus,physical,physically,pic,pick,picked,pickey,picking,picks,pickup,picky,pics,pictograms,pictorial,picture,pictured,pictures,pie,piece,pieces,piercing,pies,pig,pile,piled,pilling,pilot,pin,pinch,pingable,pink,pinpoint,pins,pint,pipe,piping,pirates,pissed,pisses,pita,pitch,pitched,pitfalls,pity,pivot,pivots,pixel,pixelated,pizza,pizzas,pked,pkg,pl,place,placed,placement,placements,places,placing,plain,plan,plane,planes,planet,planetary,planned,planning,plans,plant,planting,plare,plastered,plastic,plasticlooking,plastics,plate,plateado,platebumping,plater,plates,plateto,platewhile,platform,platinum,platinumfarberware,platter,platters,plausibly,play,playe,played,playing,plays,pleaed,pleasant,pleasantly,please,pleased,pleasent,pleases,pleasing,pleasure,pleno,plenty,plethora,plexiglass,ploy,plug,plugged,plugging,plugs,plunge,plunk,plus,pluses,ply,pm,pmb,poached,pock,pocket,pockets,poco,point,pointed,pointing,pointless,points,poipu,poison,poisoned,poisoning,poke,poker,poking,polaroid,policies,policy,polish,polished,polite,pollution,pomeranian,pondered,ponied,poof,pool,pooped,pooping,poops,poor,poorer,poorly,pop,popcorn,poping,popped,poppedi,popper,popping,pops,popsecret,popular,popups,por,porcelain,porch,pork,porn,porque,portable,portion,portions,portland,pos,position,positioned,positioning,positions,positive,positives,possession,possibilities,possibility,possible,possibly,post,postage,posted,posti,posting,posts,pot,potat,potato,potatoes,potatoesrule,potatos,potencial,potential,potentially,potholder,potholders,pots,potstickers,pouch,poultry,pound,pounds,pour,poured,pouring,pours,powdery,power,powered,powerful,powerfull,powerfulthings,powerhorse,powerhouse,powering,powerlevel,powerquietlooks,powers,ppl,practical,practically,practice,practices,practico,praise,praises,pray,prayer,pre,prebuilt,precariously,precaution,precio,precious,precise,precisely,precision,precludes,precook,precursor,precut,predecessor,predictable,predictably,predictor,predjudice,predrilled,pref,prefab,prefect,prefer,preferable,preferably,preference,preferred,prefers,preformatted,preforms,preheat,preheated,preheating,preheats,prejudge,prejudice,premature,prematurely,premise,premium,preoccupied,prep,prepaid,preparation,preparations,prepare,prepared,preparing,prepped,prepping,preprogrammed,prescribed,presence,present,presentable,presentation,presented,presently,presents,preset,presets,press,pressed,presses,pressing,pressure,presto,presumably,presume,presumptuous,pretend,prettier,pretty,pretzel,prevent,prevented,preventing,prevents,previous,previously,prfectly,price,priced,pricemultifunctioneasy,prices,pricey,pricing,primarily,primary,prime,primero,principles,print,printed,printer,printing,printout,prints,prior,prioritize,priority,pristine,prize,pro,probable,probably,probe,problem,problema,problematic,problems,problemthe,problen,procedure,procedures,proceed,proceeded,process,processed,processes,processing,proclaim,produce,produced,produces,producing,product,production,producto,productoh,products,profess,profession,professional,professionalism,profile,profit,profits,profusely,program,programable,programed,programing,programm,programmable,programmed,programmer,programming,programs,progress,progressing,progression,progressively,project,projection,prolong,prominent,promise,promised,promises,promising,promote,promotion,promotions,prompt,prompted,promptly,promptness,prompts,prone,prong,pronged,prongs,pronounced,proof,proofing,proofreader,proofreading,prop,propane,proper,properly,property,proportional,proportionately,propped,propping,proprietary,pros,proscheapsmallsilent,prospective,protect,protected,protecting,protection,protective,protector,protectors,protects,protein,protrude,protruding,protrusion,protrusions,proud,proudly,prove,proved,proven,provide,provided,provider,provides,providing,proving,provocative,provode,proximity,prptected,prrrs,pruchase,pry,prying,ps,psh,psychedelic,public,published,puck,pucker,puddle,puddles,puedo,pues,puffed,puffing,pull,pulled,pulling,pulls,pulse,pulses,pulsing,pumpkin,pun,punch,punched,punching,punctured,punctures,pungent,punt,punted,puny,pup,puppy,purcahse,purchace,purchase,purchased,purchasegreat,purchaser,purchasers,purchases,purchasing,pure,purely,purpose,purposeful,purposely,purposes,pursue,pursuing,push,pushbutton,pushed,pushes,pushing,pusuing,put,puts,putting,puzzle,pyrex,q,qa,qc,qol,qr,qt,qualification,qualities,quality,quantities,quantity,quarantine,quarantined,quarks,quart,quarter,quarters,quarts,quartzite,quasar,que,queens,quelled,queria,quesadillas,quess,question,questionable,questioned,questioning,questions,queue,quibble,quiche,quick,quicken,quicker,quickly,quicklyit,quickness,quickstart,quicktime,quiero,quiet,quietcons,quieten,quieter,quietest,quietly,quietness,quietpower,quiets,quik,quirk,quirks,quirky,quit,quite,quitely,quiter,quits,quitting,quittting,quoted,r,rabbit,rack,racket,racks,radar,radarrange,radiating,radiation,radiative,radio,radius,rag,ragged,raids,rail,rain,raining,raise,raised,raising,rambunctious,ramen,ramp,ran,rancid,random,randomly,rang,range,ranges,ranks,ranting,rap,rapidez,rapidly,rapido,rare,rarely,rat,rate,rated,rates,rather,rating,ratings,ratio,rats,rattle,rattled,rattles,rattling,rattly,rave,raved,raven,raw,ray,rays,rca,re,reach,reachable,reached,reaches,reaching,react,reaction,reactions,reactivates,reactive,read,readability,readable,readd,reader,readers,readily,reading,readjust,readjustment,readout,reads,ready,reair,real,realidad,realign,realigned,realignment,realistic,realistically,reality,realize,realized,realizing,reallly,really,realmente,realtivly,reapplied,reapply,rear,rearrange,rears,reason,reasona,reasonable,reasonably,reasons,reassemble,reassembled,reattach,rebate,reboot,rebooted,rebooting,reboots,rebox,rebrand,rebranded,rebrands,rebuy,rec,recall,recalled,recalls,reccomend,reccoment,recede,receipe,receipt,receipts,receite,receive,received,receiver,receiving,recent,recenter,recently,receptacle,recess,recessed,rechecked,reciently,recieve,recieved,recipe,recipes,recipient,reck,reclaim,recliner,recognition,recognize,recognizes,recomed,recomend,recomending,recomiendo,recommeded,recommend,recommendation,recommendations,recommended,recommending,recommends,recon,reconnect,reconnected,reconnects,reconsider,recoommend,record,recorded,recorder,recording,recourse,recover,recovers,recovery,recreation,rectangle,rectangles,rectangular,rectify,recurring,recycle,recycled,recycling,red,reddenbacher,redeeming,redenbacher,redesign,redirected,redness,redo,redoing,redone,reduce,reduced,reduces,reducido,reducidos,reducing,reduction,redundant,reeked,reenter,ref,refer,reference,referenced,referencei,references,referencing,referred,referring,refers,refix,reflect,reflecting,reflection,reflective,reflector,reflects,refrig,refrigerated,refrigerator,refrigerators,refund,refunded,refurb,refurbed,refurbished,refurbishment,refusal,refuse,refused,refuses,refusing,reg,regalo,regard,regarded,regarding,regardless,regards,regift,region,register,registered,registering,registers,registration,regrads,regret,regrets,regretted,regretting,regular,regularly,regulate,regulations,reheat,reheatable,reheated,reheater,reheating,reheats,reimburse,reimbursement,reinserting,reinstall,reinstallations,reinstalling,reiterated,rejected,related,relatedly,relating,relations,relative,relatively,relatives,relaxing,relay,relays,relearn,release,released,releases,releasing,relegate,relevant,reliability,reliable,reliably,reliant,relic,relied,relies,relieved,relish,relitive,reluctant,reluctantly,rely,remain,remained,remaining,remains,remarkably,remarking,remarks,remedied,remedies,remedy,remember,remembered,remembering,remicrowaving,remind,reminded,reminder,reminders,reminding,reminds,reminisce,reminiscent,remodel,remodeled,remodeling,remorse,remote,remotely,removable,removal,remove,removed,removes,removing,rendered,rendering,renders,renege,renovated,renovation,rent,rental,renter,renting,reommend,reopen,reorder,reordered,reordering,reorient,rep,repack,repackage,repackaged,repackaging,repacked,repacking,repaint,repainting,repair,repairable,repaired,repairing,repairman,repairs,repalcement,repeat,repeated,repeatedly,repeating,repertoire,repetitive,replace,replaceable,replaced,replacement,replacementedit,replacements,replaces,replacing,replicable,replicating,replicator,replied,replies,replug,replugged,replugging,reply,report,reported,reporting,reports,reposed,reposition,repositioned,represent,representation,representative,representatives,representing,represents,repress,reproductive,reprogram,reprogrammed,reps,repurchase,repurchased,reputable,reputation,request,requested,requesting,requests,requierements,require,required,requirement,requirements,requires,requiring,requisite,rerate,reread,research,researched,researching,resell,reselling,resemble,resembles,resembling,resent,reset,reseted,resets,resetting,resetwe,residence,residual,residue,resigned,resistance,resistant,resisted,resisting,resold,resolution,resolutions,resolve,resolved,resolving,resolvio,resonator,resort,resorted,resources,respect,respectable,respected,respectfully,respective,respectively,respects,respond,responded,responding,responds,response,responses,responsibility,responsible,responsibly,responsive,rest,resta,restart,restarted,restarts,restaurant,restaurants,rested,resting,restocking,restore,restored,restores,restricted,restrictions,restricts,restructuring,rests,resubmitted,resubmitting,result,resultado,resulted,resulting,results,resume,retail,retain,retained,retainer,retaining,retaped,rethinking,reticent,retire,retired,retiree,retirement,retiring,retirn,retrain,retrieve,retrieved,retrieving,retro,return,returnable,returned,returning,returns,reusable,reused,reusing,revealed,revealing,revenue,reverberating,reverberation,revere,reveries,reverse,reversed,revert,reverted,reverting,reverts,revido,review,reviewed,reviewer,reviewers,reviewi,reviewing,reviewit,reviews,reviewsalexa,revision,revisit,revivew,revolution,revolutionary,revolutions,revolve,revolves,revolving,revues,rewarming,rewrite,rewrote,rheumatoid,rhis,rib,ribs,rice,rich,richard,rickety,rid,riddance,ridden,ride,ridiculous,ridiculously,riesgo,rig,right,rigidly,rim,rimmed,ring,ringer,ringing,rings,rip,ripped,ripping,ripple,rise,risen,riser,rises,rising,risk,risks,risky,rival,river,rivets,rma,rms,ro,roach,roaches,road,roadblock,roads,roar,roast,roasted,roaster,roasting,roasts,robinson,robot,robotic,robots,robust,rock,rocked,rocket,rocking,rocks,rods,rogue,roku,roll,rolled,roller,rollers,rolls,rona,roof,room,roomey,roomie,roomier,roommate,roommates,rooms,roomy,rosado,rot,rota,rotary,rotate,rotated,rotates,rotating,rotatingarm,rotation,rotational,rotations,rotator,rote,rotiss,rotisserie,rotor,rotten,rough,roughly,roulette,round,rounded,rounds,route,routed,router,routers,routine,routinely,row,royce,rrtirn,rub,rubbed,rubber,rubberized,rubbermaid,rubbery,rubbin,rubbing,rubbish,rube,rubs,ruckus,rudely,rudimentary,rug,rugged,ruido,ruidoso,ruin,ruined,ruins,rule,ruler,rules,rumbling,run,runaround,rung,running,runningalexa,runs,runtime,runway,rural,rush,rushed,russell,russia,rust,rusted,rusting,rusts,rusty,rv,rvers,rvs,s,sacarlo,sacrifice,sacrificed,sacrificing,sad,sadly,safe,safely,safer,safety,safty,sag,sagging,sags,said,sailing,sake,salad,sale,sales,salesman,salethe,salient,salmon,salsa,salt,salvagagble,sam,samantha,same,sample,samples,sams,samsung,samsungfinally,sand,sandwich,sane,sanitary,sanitize,sanitized,sans,santa,sanyo,sara,sarcastically,sat,satisfaction,satisfactorily,satisfactory,satisfied,satisfies,satisfy,satisfying,sattler,saturday,sauce,saucer,sauces,sauna,sausage,save,saved,saver,savers,saves,saving,savings,savvy,savy,saw,say,sayig,sayin,saying,says,scald,scalding,scale,scam,scammed,scan,scared,scares,scarey,scaring,scarred,scary,scenario,scenes,scent,scents,sceptical,schedule,scheduled,schedules,scheme,schmantsy,school,schuld,schwinn,science,scientific,scolding,scone,scones,scoop,scooting,scoots,scorch,scorched,scorching,score,scores,scotch,scour,scrambled,scrap,scraped,scraping,scrapped,scrappers,scrapping,scraps,scratch,scratched,scratches,scratching,screaching,scream,screamed,screaming,screams,screech,screeching,screen,screened,screening,screens,screw,screwdriver,screwed,screwing,screws,scrimping,script,scroll,scrolling,scrounge,scrub,scrubbed,scrubbing,scrunched,scrutinizing,scuffed,scurrying,se,sea,seaboard,seal,sealed,sealing,seam,seamless,seamlessly,seams,search,searched,searches,searching,searchingi,seared,sears,seasoned,seasoning,seat,seated,seattle,sec,second,secondly,seconds,secret,secs,section,sections,secure,secured,securely,securing,security,sedan,see,seed,seeds,seeing,seek,seeking,seem,seemed,seeming,seemingly,seems,seen,seeping,sees,segment,segundo,seitan,seizures,seldom,select,selected,selecting,selection,selections,selector,self,sell,seller,sellers,selling,sells,semana,semi,semiannual,send,sender,sending,senior,seniors,sensation,sense,senses,sensible,sensing,sensitive,sensitivity,sensor,sensors,sensory,sent,sentence,sentences,sentme,sep,separate,separated,separately,separating,sept,september,sequence,sequences,serial,series,seriouly,serious,seriously,serval,serve,served,server,serves,service,serviceable,serviced,servicer,services,servicing,serving,servings,session,sessions,set,setback,sets,sett,setter,setting,settingmay,settings,settle,settled,settles,settling,settting,setup,setups,sety,seven,seventeen,seventh,seventy,sever,several,severe,severely,severity,sewing,sh,shabazz,shabby,shabd,shade,shaded,shadow,shadowed,shadows,shaft,shake,shakes,shaky,shall,shallow,shame,shamed,shape,shaped,share,shared,shares,sharing,sharp,sharpe,sharper,sharps,shatter,shattered,shattering,shauna,shave,she,shed,shedding,sheen,sheer,sheesh,sheet,sheeting,sheets,sheff,sheik,shelf,shell,shelled,shelter,shelve,shelves,shemar,shield,shielded,shielding,shift,shifted,shifting,shifts,shim,shimmed,shimming,shims,shine,shined,shines,shining,shiny,ship,shipment,shipped,shipper,shippimg,shipping,ships,shock,shocked,shocker,shockingly,shocks,shoddy,shoes,shook,shoot,shooting,shoots,shop,shopped,shopper,shopping,shore,short,shortage,shortcomings,shortcut,shortcuts,shorted,shorten,shorter,shortest,shortfalls,shorting,shortly,shortnbof,shorts,shortsighted,shot,shots,should,shouldn,shout,shoved,shoves,shoving,show,showed,showing,shown,shows,shred,shredded,shreds,shrieky,shrill,shrimp,shriveled,shroud,shrug,shrugged,shut,shutdown,shuting,shuts,shutting,shy,si,sick,side,sided,sides,sidewalk,sideways,siento,sift,sigh,sight,sighted,sign,signal,signaling,signals,signature,significant,significantly,signs,sigoth,siht,silence,silenced,silencer,silences,silencing,silenciosa,silencioso,silent,silicon,silicone,silient,silly,silver,silvery,similar,similarly,simmer,simple,simpler,simplest,simplicity,simplified,simplifies,simply,simpson,simthereens,simulate,simultaneously,sinc,since,sincere,sincerely,sine,single,singles,sink,sip,sips,siracha,sirve,sister,sisters,sit,site,sites,sits,sitting,situated,situation,situations,sive,six,sixteen,sizable,size,sizeable,sizecons,sized,sizes,sizing,sizzle,sizzled,sizzling,skeptical,sketch,sketchy,skewed,skid,skidding,skiing,skill,skilled,skillet,skills,skimpy,skin,skinned,skip,skipping,skips,sku,skull,sky,skynet,slaac,slabs,slacked,slam,slammed,slamming,slams,slap,slaps,slates,slays,sledgehammer,sleek,sleeker,sleep,sleeper,sleeping,sleeps,sleepy,sleeves,slept,slice,sliced,slices,slicethis,slick,slid,sliddy,slide,sliders,slides,sliding,slids,slighly,slight,slightest,slightly,slighty,slim,slimy,slip,slipped,slippery,slipping,slips,slipstick,slop,slope,slopes,sloppy,sloshing,slot,slots,slotted,slouch,slough,slow,slowed,slower,slowing,slowly,slows,sluggish,slurping,sm,smacked,smacking,smal,small,smaller,smallest,smallish,smallness,smart,smarter,smartest,smartlife,smashed,smears,smeary,smell,smellded,smelled,smellimg,smelling,smells,smelt,smh,smid,smile,smirstore,smithereens,smoke,smokecame,smoked,smokes,smoking,smolder,smooth,smoothed,smoother,smoothly,smudge,smudges,sn,snack,snackers,snacks,snafu,snagged,snags,snap,snapped,snapping,snappy,snaps,snazzy,snd,sneaking,sniffing,snug,so,soak,soaked,soap,sobre,social,society,socket,sockets,soda,sodium,soend,soft,soften,softening,softer,software,sogginess,soggy,soil,soiled,sol,solar,sold,solder,soldered,soldier,sole,solely,solid,solidly,solo,solution,solutions,solve,solved,solving,some,somebody,somehow,someitmes,someone,someoneelse,someplace,somethimg,something,somethings,sometime,sometimes,somewhat,somewhere,somin,somwhere,son,sone,sonoma,sons,soo,soon,sooner,sooo,soooo,sooooo,soooooo,soooooooo,sophisticated,sopped,sopping,sorely,sorry,sort,sorta,sorted,sorting,sorts,soul,souls,sound,sounded,sounding,soundproof,sounds,soup,soups,sour,source,sources,south,southern,space,spacecare,spaced,spacemaker,spacer,spaces,spacey,spaceyet,spacing,spacious,spaghetti,spam,span,spanish,spare,spares,sparingly,spark,sparked,sparkels,sparking,sparkling,sparkly,sparks,sparse,spatter,spattered,spattering,spatters,speak,speaker,speakers,speaking,speaks,spec,special,specialist,specially,specific,specifically,specification,specifications,specifics,specified,specify,speck,specks,specs,spectacular,spectacularly,spectacularsomehow,spectrum,speculate,speed,speedbump,speedy,speghetti,spell,spelled,spelling,spend,spending,spends,spent,spice,spiced,spices,spicy,spider,spikes,spill,spillage,spilled,spilling,spills,spin,spinach,spindle,spiner,spinner,spinning,spins,spite,spitting,splash,splashed,splatter,splattered,splattering,splatters,splendidly,split,splits,splitting,splurge,spoilage,spoiled,spoke,spoken,spokes,sponge,spongy,spontaneous,spontaneously,spooky,sporadic,sporadically,spot,spotless,spotlessly,spots,spotsthis,spotty,spousal,spouse,spray,sprayed,spraying,spread,spreading,spring,spritz,sprouts,spt,spun,sputtered,sputtering,spyware,sq,sqeaking,square,squared,squarely,squares,squash,squeak,squeaks,squeaky,squealing,squeals,squeeze,squeezing,squint,squirrely,srarted,ss,sssooo,stab,stabbing,stability,stabilize,stabilizer,stabilizing,stable,stack,stackable,stacked,stadard,staff,stage,stages,stagger,stain,stained,stainless,stains,stairs,stalling,stamped,stand,standalone,standard,standards,standby,standing,standoffs,standout,standpoint,stands,star,starbucks,starbursts,starch,staring,starred,starring,stars,start,started,starters,starting,startingugh,startle,startled,startling,starts,startup,stashed,state,stated,stateless,statement,statements,states,statesoverall,static,stating,station,stationary,stations,stats,status,stay,stayed,staying,stays,steadily,steady,steak,steaks,steal,stealing,steam,steamed,steamer,steamimg,steaming,steams,steamy,steel,steelall,steele,steelupdate,steep,steer,stellar,stem,stench,step,stepped,steps,sterilizer,sternal,stew,stews,stick,sticked,sticker,stickers,stickies,stickiest,stickiness,sticking,sticks,sticky,stiff,stiffer,stiffness,still,stilll,stimulas,stimulates,stimulating,stingy,stink,stinking,stinks,stint,stips,stir,stirred,stirring,stock,stocking,stole,stomach,stone,stonewalled,stoneware,stood,stooped,stop,stoped,stoppage,stopped,stopping,stops,storage,store,stored,stores,stories,storm,storms,story,stove,stoves,stovetop,straight,straightaway,straighten,straightened,straightforward,strange,strangely,strapped,straw,stray,strayed,streak,streaks,streaky,stream,streaming,streamlined,street,strength,stress,stressed,stretch,stretched,strictly,strike,strikes,striking,strip,stripes,strips,strobe,strobes,stroke,strokes,strong,stronger,strongest,strongly,struck,structure,struggle,struggled,struggles,struggling,stryofoam,stuck,student,students,studied,studio,studios,study,stuff,stuffed,stumbled,stunk,stunned,stunning,stupendous,stupid,stupidest,stupidity,stupidly,sturdier,sturdiness,sturdy,stutters,style,styled,stylish,stylus,styro,styrofoam,styx,su,sub,subject,subjected,subjective,submission,submit,submits,submitted,submitting,subpar,subsequently,subsides,subsist,substance,substandard,substantial,substantially,substitute,substituted,substract,subtract,subtracting,succeed,success,successes,successful,successfully,succession,such,suck,suckcons,sucker,sucks,suction,sudden,suddenly,sudoku,sue,sued,suffered,suffice,sufficed,sufficiency,sufficient,sufficiently,sugar,suggest,suggested,suggestedthat,suggesting,suggestion,suggestions,suggests,suit,suitable,suite,suited,suits,sulking,sum,summary,summer,summertime,summing,sumners,sums,sun,sunbeam,sunday,sunk,sunlight,sunroom,super,superfast,superglue,superheated,superior,superiority,superpowerful,supervision,supervisor,supervisors,supervisory,supper,supplied,supplier,suppliers,supplies,supply,support,supported,supporting,supports,suppose,supposed,supposedly,supuesto,sure,surely,surface,surfacecheap,surfaces,surge,surgery,surges,surging,surmise,surpassed,surprise,surprised,surprises,surprising,surprisingly,surround,surrounding,surrounds,survived,suspect,suspend,suspicions,svelte,sw,swap,swapped,sway,swayed,swear,swearing,sweat,sweating,sweats,sweeper,sweet,sweethome,swell,swelter,swift,swing,swinging,swings,swipe,swiss,switch,switched,switches,switching,sygnal,sylvania,symbol,symbols,sympathetic,sync,synced,synchronized,syncs,syndrome,syrup,system,systemic,systems,t,tab,table,tablespoons,tablet,tabletop,tabs,tackle,tacky,taco,tacos,tactic,tactile,tad,tag,tahat,tail,take,taken,takes,takesmany,taking,takumi,tale,talk,talked,talking,talks,tall,taller,tambien,tampa,tamper,tan,tank,tap,tape,taped,tapes,tapped,tappen,tapping,taps,tardis,target,targeted,tashiba,task,tasks,taskswhat,taste,tasted,tastes,tastier,tasty,tat,tater,tax,taxed,taxes,tbd,tbe,tbh,tea,teach,teacher,teachers,teaching,team,teapot,tear,tech,techie,technical,technically,technician,technique,technolgy,technology,technologydoor,techs,techy,tedious,tee,teen,teenager,teens,teensy,teeth,teflon,teh,telephone,tell,telling,tells,temp,temperamental,temperate,temperature,temperatures,tempered,template,templates,temple,temporarily,temporary,temprature,temps,tempted,tempting,tempura,ten,tenant,tend,tendency,tender,tenders,tending,tends,tenga,tengo,tenido,tension,tenth,tention,tenuous,tepid,ter,term,terminal,terminated,terminates,terminating,terms,terriable,terrible,terribly,terrier,terrific,terrified,terror,terrorist,test,tested,tester,testing,testingbtw,tests,tettible,texas,text,textured,th,tha,than,thank,thankful,thankfully,thanking,thanks,thanksgiving,thanksgivng,that,thatfits,thats,thatthe,thaw,thawed,thawing,thaws,thay,thd,the,theater,theatrical,thee,theee,thefarberware,their,theirs,them,theme,themes,themi,themselves,then,theoretically,theories,theory,thepanasonic,thepost,theproduct,ther,therapy,there,thereby,therefor,therefore,theres,therm,thermador,thermal,thermometer,thermostat,thers,thescreen,these,thet,they,thi,thick,thicker,thickness,thier,thigh,thighs,thin,thing,thingamajiggy,things,thingy,think,thinking,thinks,thinly,thinner,third,thirdly,thirty,this,thisi,tho,thor,thorough,thoroughly,thoroughness,thos,those,thot,though,thought,thoughtful,thoughtfulness,thoughts,thousand,thousands,thrash,threatening,three,threw,thrice,thrid,thrift,thrill,thrilled,throttle,throu,through,throughly,throughout,throw,throwback,throwing,thrown,throws,thru,thst,tht,thud,thuds,thumb,thumbs,thump,thumped,thumping,thunk,thurs,thus,thwerefore,thy,ti,tick,ticked,ticket,tickets,ticking,ticks,tidbit,tide,tidy,tie,tied,tiempo,tiendas,tiene,tienes,tier,tight,tighten,tightened,tightening,tighter,tightly,tike,til,tile,till,tilt,tilted,tilting,tilts,time,timed,timeframes,timehere,timeliness,timely,timeout,timer,timers,times,timesuser,timethe,timeupdate,timezone,timing,timings,timportant,tin,tine,tinfoil,ting,tiniest,tinkered,tinkering,tinny,tint,tinted,tiny,tip,tipped,tipping,tips,tired,tissue,titanic,title,tk,tl,to,toast,toasted,toaster,toasters,toasting,toasts,toastwave,toater,today,todaythanks,todd,toddler,toddlers,todo,todos,tofu,together,togethers,toggle,toggling,told,tolerable,tolerate,tolerated,toll,tome,tomorrow,ton,tone,toned,tones,tongs,tongue,tonight,tons,too,took,tool,toolbox,tools,tooth,toothbrush,top,topic,topped,toppings,topple,tops,tore,torn,tornado,tortilla,tortillas,torture,toshba,toshiba,toshibas,toshibe,toss,tossed,tossing,total,totaling,totally,totalmente,tots,totsl,toubleshooting,touch,touched,touches,touching,touchpad,touchscreen,touchy,tough,tournament,touse,touted,touts,toward,towards,towe,towel,towels,town,toxic,toxin,toy,tp,trabaja,trabajando,traced,traces,track,tracking,tracks,traction,trade,tradeoff,trader,trading,traditional,traditionally,traductor,traffic,trail,trailer,train,trained,transaction,transfer,transferred,transferring,transfers,transformed,transformer,transformers,transit,transitioned,translate,translated,translator,transport,transporting,trap,trapezoid,trapped,traps,trash,trashed,trashing,trashy,traumatic,travel,traveling,travesty,tray,trays,treat,treated,treating,treatment,treatments,treats,tree,trek,tremendous,trend,trended,trending,trends,trendy,trepidation,trepidatious,trhan,trial,trialband,trials,trick,tricks,tricky,tried,tries,trifield,trifle,trigger,triggered,triggers,trillion,trim,trimer,trimming,trims,trip,triple,triply,tripped,tripping,trips,triugh,trivial,trivit,trolley,trouble,troubles,troubleshooting,troubleshoots,troublesome,troubling,troublshooting,trough,truck,trucker,trucks,true,truly,truned,trust,trusted,trusting,trustworthy,trusty,truth,try,tryed,trying,trys,tu,tube,tubes,tuck,tucked,tucker,tucks,tuesday,tumbled,tumbler,tumbling,tuned,tuning,tunnel,tupperware,turbines,turbo,turing,turkey,turkeys,turn,turnable,turnablemicrowaves,turnaround,turned,turner,turnes,turning,turnovers,turns,turnstile,turnstyle,turntable,turntables,tutorial,tv,tvs,tweaked,tweaks,twenty,twice,twilight,twin,twine,twirl,twist,twists,twitter,two,twofold,twos,ty,tyhat,type,typed,types,typical,typically,typing,typos,tz,u,ubiquitous,ued,ugguyguyguygu,ugh,uglier,ugly,uh,uhhhh,uhhhm,ui,uina,ul,ultimate,ultimately,um,umm,ummm,un,una,unable,unacceptable,unanswered,unapologetically,unappetizing,unappreciated,unas,unattended,unattractive,unavailable,unavoidable,unaware,unbalanced,unbearable,unbeatable,unbeknownst,unbelievable,unbelievably,unbox,unboxed,unboxing,unceremoniously,uncertainty,uncle,unclear,uncomfortable,uncommon,uncomplicated,unconventional,uncooked,uncooperative,uncovered,und,undamaged,undeliverable,under,undercabinet,undercoked,undercontract,undercooked,undercooking,underdone,underheat,underneath,underpoppped,underpowered,underserved,underside,understand,understandable,understandably,understanding,understatement,understood,underwhelmed,underwhelming,undesired,undetermined,undies,undo,undone,undoubtedly,uneasy,uneven,unevenly,unexpected,unexpectedly,unfair,unfamiliar,unfolded,unform,unfortuantely,unfortuately,unfortunate,unfortunately,unfulfilled,ungrade,unhappiness,unhappy,unhealthy,unheated,unhelpful,unhooked,uniform,uniformity,uniformly,unimportant,unimpressed,unimpressive,uninstalled,uninstalling,unintuitive,unique,unit,united,unitit,units,unity,universal,universe,university,unknown,unlamented,unlatch,unless,unlevel,unlighted,unlike,unlikely,unlit,unload,unlock,unlucky,unmanageable,unmatched,unmirrored,unmolested,unmoved,unmute,unnatural,unnecessarily,unnecessary,unneeded,unnerving,unnoticeable,unnumbered,uno,unobtrusive,unopened,unpack,unpackaged,unpackageing,unpacked,unpacking,unpleasant,unplug,unpluged,unplugged,unplugging,unpluggings,unpoped,unpopped,unpredictable,unpredictably,unreachable,unreal,unreasonable,unreasonably,unrelated,unreliable,unreliably,unremoveable,unresponsive,unsafe,unsanitary,unsatisfactory,unsatisfied,unseat,unseeable,unseen,unsettling,unsightly,unstable,unsubstantial,unsuccessful,unsupervised,unsure,unsympathetic,unterstand,until,untill,unto,unusable,unuseable,unused,unusual,unusually,unwanted,unwieldy,unwilling,unwrapped,unwrapping,up,upcon,update,updateafter,updated,updatedropping,updatehave,updates,updateyou,updating,updislike,upfront,upgrade,upgraded,upgrades,upgrading,upheld,uphill,upholstered,uploaded,upon,upper,upping,ups,upsafter,upscale,upset,upsetting,upside,upstairs,ur,urge,urgently,urine,us,usa,usability,usable,usado,usage,usand,usar,usarlo,usb,use,useable,useage,used,useeasy,usefel,useful,usefull,usefulness,useit,useles,useless,uselessly,user,username,users,uses,useyes,usigoing,using,usless,uso,usps,uss,usual,usually,usuals,usuario,usuefull,ut,utensils,utility,utilize,utilizes,utilizing,utter,utterly,ux,v,va,vac,vacation,vacillates,vacuum,vague,valuable,value,valued,values,vampire,van,vans,vapor,variable,variety,various,vary,vastly,ve,veces,veerrrry,veg,vege,vegetable,vegetables,veggies,vehicle,vendedor,vendor,vendors,veneer,vent,vented,ventilate,ventilated,ventilation,ventilator,venting,vents,venture,venturing,venty,ver,verb,verbal,verbally,verbiage,verge,verification,verified,verify,veritables,verrrrrrrrrrrrrrrry,verrrrry,versa,versatile,versatility,verses,version,versioning,versions,versitale,versus,vertical,verticle,very,vessel,vessels,vet,vetter,vey,vfd,vhs,via,vibrant,vibrated,vibrates,vibrating,vibration,vibrations,vice,vicinity,victim,victims,vid,video,videos,vie,view,viewed,viewing,views,vigorously,village,vinegar,vintage,vinyl,violently,virginia,virtually,virus,virusdo,visibility,visible,vision,visions,visit,visited,visits,visual,visualize,visually,vital,vitality,vnl,voice,voices,void,voided,voila,volatile,volcanos,volga,volkswagen,volley,volt,voltage,voltmeter,volts,volume,volvo,voucher,vow,vs,vulgar,vulnerable,w,wa,waaayyy,wabbling,wad,waffle,wafts,wages,wahoo,wailing,waist,wait,waited,waiting,waitng,waits,wake,wakes,waking,walk,walked,walker,walking,wall,wallet,walls,wally,walmart,walrus,wanders,wanky,wanna,want,wanted,wanting,wants,ward,ware,warehouse,warm,warmed,warmer,warming,warms,warmth,warmup,warmups,warn,warned,warner,warning,warnings,warns,warped,warping,warps,warrant,warranted,warrantee,warrantees,warranties,warrantly,warranty,warrantybut,warrantyquestions,warrarnty,warrenty,warvimckinleyville,wary,was,wash,washable,washcloth,washed,washer,washing,washington,wasn,wasnt,waste,wasted,wastes,wasting,wat,watch,watched,watches,watching,water,watios,wats,watt,wattage,wattages,watter,watts,wattsof,wave,waveguide,wavelength,waver,wavering,waves,wavy,wax,waxy,way,ways,wayyy,wbere,wcult,we,weak,weakened,weaker,weakest,wear,wearing,wears,weary,weather,web,webpage,websearch,website,websites,wed,wedding,wedge,wedged,wednesday,weed,week,weekend,weekends,weekly,weeks,weigh,weighed,weighing,weighs,weight,weights,weir,weird,weirded,weirdest,weirdly,welcome,welded,welding,well,welll,went,were,weren,werenot,werr,wes,westinghouse,wet,wetter,whack,what,whatever,whatevs,whatnot,whats,whatsoever,wheat,wheel,wheelchair,wheeled,wheels,when,whenever,whenwe,where,whereas,wherever,whether,which,whichever,whichseems,while,whilst,whim,whimpy,whims,whine,whines,whipping,whirl,whirlpool,whirlwind,whirring,whirs,whisk,whisper,whisps,whistles,whistling,white,whitefarberware,whiteness,whiter,who,whoever,whole,wholly,whom,whomever,whoo,whoooo,whoops,whopping,whose,why,wi,wicrowave,wide,widely,wider,widowed,widower,width,widths,wife,wifi,wigging,wiggles,wiggling,wiggly,wild,wildly,will,williams,willing,willingness,willy,wimpy,win,wind,windex,winding,window,windows,windowsill,winds,wine,wing,wings,winner,winning,winter,winters,wipe,wiped,wipes,wiping,wire,wirecutter,wired,wireless,wirelessly,wires,wiring,wisdom,wise,wisely,wiser,wish,wished,wit,wita,witch,with,wither,withholding,within,withing,withj,withoput,without,withoutoriginal,withstand,witht,wives,wks,woah,wobbily,wobble,wobbled,wobbles,wobbling,wobbly,woefully,woke,woman,women,won,wonder,wondered,wonderful,wonderfully,wondering,wonders,wonerful,wonky,wont,wood,wooden,woohoo,word,worded,wording,words,wore,work,worka,workable,workday,workds,worked,worker,workers,workes,workhorse,working,workingi,workings,workmanship,workmore,workout,workplace,workpopcorn,works,workscons,worksupdate,worksyes,world,worn,worried,worries,worrisome,worry,worrying,worse,worsens,worst,worsted,worth,worthiness,worthless,worthwhile,worthy,would,wouldn,wouldnt,wouldturn,wound,wow,wowed,wrangling,wrap,wrapped,wrapper,wrapping,wrath,wrecked,wrestled,wrinkle,wrinkled,wrist,write,writers,writing,written,wrong,wrote,wroth,ws,wt,wtf,wth,wuth,wuv,www,x,xmas,xtra,xx,xxx,y,ya,yacht,yall,yank,yanking,yard,yay,yea,yeah,year,years,yearsit,yearson,yeast,yeats,yelling,yellow,yellowed,yep,yes,yesterday,yesteryear,yet,yhr,yield,yielded,yields,yike,ymmv,yo,york,you,youd,young,your,youre,yours,yourself,yourselves,youtube,yr,yrs,yuck,yucked,yucky,yum,yummy,yup,z,zap,zapper,zapping,zaps,zealously,zebra,zen,zero,zeroes,zeros,zillion,zippy,zone,zones,zoom,zzzzzzzzread